region,L,n_samples,n_anomalies,prevalence,normal_mean,anomaly_mean,separation,roc_auc,average_precision,ideal_roc_auc,ideal_separation,auc_loss,separation_loss
0123,1,32,16,0.5,0.5341796875,0.647705078125,0.113525390625,0.62890625,0.606179157457404,0.63671875,0.12860637170242195,0.0078125,0.015080981077421951
0123,2,32,16,0.5,0.52490234375,0.648193359375,0.123291015625,0.650390625,0.6184053253201607,0.63671875,0.13892990624953605,-0.013671875,0.01563889062453605
0123,3,32,16,0.5,0.5205078125,0.667236328125,0.146728515625,0.64453125,0.6088204096231128,0.64453125,0.15242141266204579,0.0,0.005692897037045785
0123,4,32,16,0.5,0.51123046875,0.66015625,0.14892578125,0.65625,0.6206791932006462,0.64453125,0.16167848561136988,-0.01171875,0.012752704361369882
0123,5,32,16,0.5,0.51953125,0.669189453125,0.149658203125,0.650390625,0.6274081398276907,0.64453125,0.16683123802792754,-0.005859375,0.017173034902927542
6789,1,32,16,0.5,0.558349609375,0.681396484375,0.123046875,0.63671875,0.6010847419754869,0.63671875,0.12860637170242195,0.0,0.005559496702421951
6789,2,32,16,0.5,0.550537109375,0.68505859375,0.134521484375,0.65625,0.6282168072678657,0.63671875,0.13892990624953605,-0.01953125,0.00440842187453605
6789,3,32,16,0.5,0.55029296875,0.704833984375,0.154541015625,0.650390625,0.6091952951542482,0.64453125,0.15242141266204579,-0.005859375,-0.0021196029629542146
6789,4,32,16,0.5,0.546142578125,0.714111328125,0.16796875,0.666015625,0.6616687765339795,0.64453125,0.16167848561136988,-0.021484375,-0.006290264388630118
6789,5,32,16,0.5,0.5625,0.719970703125,0.157470703125,0.6640625,0.6299338402348986,0.64453125,0.16683123802792754,-0.01953125,0.009360534902927542
