region,L,sample_index,encoding,score,physical_qubits,sample_id,result_index,counts,shots,job_id,true_label,anomaly_score
6789,1,0,unsw_nested,global,"[6, 7, 8, 9]",20534,0,"{'0000': 187, '0001': 9, '1000': 19, '0100': 19, '0010': 18, '0101': 2, '1010': 1, '1100': 1}",256,db3gm7klf4us73c18k20,0,0.26953125
6789,1,1,unsw_nested,global,"[6, 7, 8, 9]",38547,1,"{'1111': 115, '1101': 83, '0101': 14, '0111': 26, '0011': 3, '1011': 9, '1001': 3, '0001': 2, '0100': 1}",256,db3gm7klf4us73c18k20,0,1.0
6789,1,2,unsw_nested,global,"[6, 7, 8, 9]",20514,2,"{'0000': 195, '0100': 8, '1000': 17, '0110': 5, '0010': 14, '0001': 12, '0101': 1, '0011': 3, '1001': 1}",256,db3gm7klf4us73c18k20,0,0.23828125
6789,1,3,unsw_nested,global,"[6, 7, 8, 9]",15233,3,"{'0000': 145, '1010': 1, '0100': 46, '0010': 9, '0101': 10, '0110': 4, '0001': 25, '1000': 7, '0011': 4, '1100': 2, '1001': 3}",256,db3gm7klf4us73c18k20,0,0.43359375
6789,1,4,unsw_nested,global,"[6, 7, 8, 9]",104552,4,"{'0010': 114, '0110': 39, '1010': 13, '0000': 53, '1110': 1, '0100': 18, '0011': 7, '1100': 4, '0111': 1, '1000': 2, '1101': 1, '0001': 2, '0101': 1}",256,db3gm7klf4us73c18k20,0,0.79296875
6789,1,5,unsw_nested,global,"[6, 7, 8, 9]",28902,5,"{'1000': 66, '0000': 135, '0010': 11, '1001': 9, '0100': 8, '1010': 4, '1100': 4, '1110': 2, '0001': 8, '0110': 6, '0101': 2, '0011': 1}",256,db3gm7klf4us73c18k20,0,0.47265625
6789,1,6,unsw_nested,global,"[6, 7, 8, 9]",102291,6,"{'1100': 15, '0100': 62, '0010': 21, '0000': 85, '0101': 8, '1010': 7, '1110': 6, '1000': 22, '0110': 14, '0001': 6, '0011': 2, '0111': 4, '1001': 2, '1101': 2}",256,db3gm7klf4us73c18k20,0,0.66796875
6789,1,7,unsw_nested,global,"[6, 7, 8, 9]",112713,7,"{'1010': 4, '0100': 46, '1000': 35, '1101': 23, '1100': 45, '0001': 18, '1011': 3, '0101': 23, '0000': 21, '1001': 24, '1111': 4, '0110': 3, '0111': 3, '0010': 4}",256,db3gm7klf4us73c18k20,0,0.91796875
6789,1,8,unsw_nested,global,"[6, 7, 8, 9]",46048,8,"{'1010': 3, '0100': 65, '0101': 83, '0110': 13, '1101': 15, '0001': 17, '1110': 6, '0000': 16, '0111': 8, '1100': 14, '0010': 5, '1001': 4, '0011': 3, '1000': 3, '1111': 1}",256,db3gm7klf4us73c18k20,0,0.9375
6789,1,9,unsw_nested,global,"[6, 7, 8, 9]",111062,9,"{'0101': 25, '1000': 33, '0001': 17, '1100': 44, '0000': 43, '0100': 30, '1001': 26, '1101': 25, '1111': 3, '0011': 2, '1110': 2, '0110': 1, '1010': 5}",256,db3gm7klf4us73c18k20,0,0.83203125
6789,1,10,unsw_nested,global,"[6, 7, 8, 9]",21253,10,"{'0000': 218, '0010': 12, '1000': 4, '0100': 19, '0110': 2, '1100': 1}",256,db3gm7klf4us73c18k20,0,0.1484375
6789,1,11,unsw_nested,global,"[6, 7, 8, 9]",26898,11,"{'0000': 220, '0010': 12, '0001': 8, '0110': 3, '0100': 13}",256,db3gm7klf4us73c18k20,0,0.140625
6789,1,12,unsw_nested,global,"[6, 7, 8, 9]",16575,12,"{'0100': 16, '0010': 88, '1010': 68, '1110': 21, '0110': 31, '1100': 13, '0000': 13, '1111': 1, '1000': 3, '0011': 2}",256,db3gm7klf4us73c18k20,0,0.94921875
6789,1,13,unsw_nested,global,"[6, 7, 8, 9]",6226,13,"{'0101': 1, '0000': 179, '0100': 5, '1100': 2, '0010': 12, '1000': 29, '1001': 6, '0001': 12, '0110': 5, '1110': 2, '1011': 1, '0011': 2}",256,db3gm7klf4us73c18k20,0,0.30078125
6789,1,14,unsw_nested,global,"[6, 7, 8, 9]",14497,14,"{'0000': 187, '0100': 12, '0001': 19, '0010': 16, '1000': 11, '0011': 2, '1100': 1, '1001': 2, '1010': 1, '0110': 2, '0101': 3}",256,db3gm7klf4us73c18k20,0,0.26953125
6789,1,15,unsw_nested,global,"[6, 7, 8, 9]",93111,15,"{'0100': 43, '0000': 112, '0010': 58, '1100': 6, '0110': 20, '1000': 10, '1010': 7}",256,db3gm7klf4us73c18k20,0,0.5625
6789,1,16,unsw_nested,global,"[6, 7, 8, 9]",91307,16,"{'0000': 108, '0010': 113, '0100': 7, '0011': 6, '0001': 9, '0110': 7, '0101': 1, '1110': 1, '1010': 3, '1000': 1}",256,db3gm7klf4us73c18k20,1,0.578125
6789,1,17,unsw_nested,global,"[6, 7, 8, 9]",76234,17,"{'0000': 129, '0010': 80, '1000': 18, '0110': 3, '1010': 13, '0100': 9, '1100': 2, '0011': 1, '0001': 1}",256,db3gm7klf4us73c18k20,1,0.49609375
6789,1,18,unsw_nested,global,"[6, 7, 8, 9]",83746,18,"{'0000': 153, '0010': 78, '0001': 10, '0110': 3, '0011': 4, '0101': 2, '0100': 6}",256,db3gm7klf4us73c18k20,1,0.40234375
6789,1,19,unsw_nested,global,"[6, 7, 8, 9]",161320,19,"{'1011': 31, '1001': 26, '1111': 16, '0110': 5, '0001': 12, '1010': 23, '1100': 12, '1000': 22, '0101': 16, '1101': 15, '0100': 13, '1110': 11, '0000': 17, '0111': 6, '0011': 19, '0010': 12}",256,db3gm7klf4us73c18k20,1,0.93359375
6789,1,20,unsw_nested,global,"[6, 7, 8, 9]",125891,20,"{'0001': 59, '1000': 35, '0000': 98, '1001': 31, '1101': 1, '1010': 5, '0011': 9, '0010': 5, '0100': 4, '0101': 3, '1100': 3, '1011': 3}",256,db3gm7klf4us73c18k20,1,0.6171875
6789,1,21,unsw_nested,global,"[6, 7, 8, 9]",174564,21,"{'0101': 110, '0001': 7, '0111': 97, '0011': 7, '0110': 6, '0100': 25, '1101': 2, '0000': 1, '1111': 1}",256,db3gm7klf4us73c18k20,1,0.99609375
6789,1,22,unsw_nested,global,"[6, 7, 8, 9]",83516,22,"{'0000': 90, '0110': 39, '0100': 40, '0010': 69, '1000': 9, '0101': 1, '1110': 3, '1100': 1, '1010': 3, '0011': 1}",256,db3gm7klf4us73c18k20,1,0.6484375
6789,1,23,unsw_nested,global,"[6, 7, 8, 9]",63204,23,"{'0001': 34, '1001': 99, '1000': 66, '1101': 4, '1011': 6, '0000': 28, '1110': 1, '0101': 3, '0011': 4, '1010': 4, '0010': 2, '0100': 1, '1111': 2, '1100': 2}",256,db3gm7klf4us73c18k20,1,0.890625
6789,1,24,unsw_nested,global,"[6, 7, 8, 9]",85579,24,"{'0000': 93, '0001': 77, '1001': 16, '0101': 8, '1000': 25, '0100': 11, '1111': 1, '0010': 9, '0011': 8, '1011': 3, '0110': 3, '1110': 2}",256,db3gm7klf4us73c18k20,1,0.63671875
6789,1,25,unsw_nested,global,"[6, 7, 8, 9]",121170,25,"{'1100': 10, '0000': 83, '1000': 52, '0100': 15, '0101': 9, '0001': 37, '0010': 8, '1001': 33, '1010': 4, '1011': 2, '1101': 2, '0111': 1}",256,db3gm7klf4us73c18k20,1,0.67578125
6789,1,26,unsw_nested,global,"[6, 7, 8, 9]",126248,26,"{'0000': 126, '0011': 6, '0010': 98, '0001': 4, '1000': 4, '0110': 7, '1010': 5, '0100': 6}",256,db3gm7klf4us73c18k20,1,0.5078125
6789,1,27,unsw_nested,global,"[6, 7, 8, 9]",101220,27,"{'0000': 133, '0010': 72, '0111': 2, '0110': 14, '0100': 15, '0001': 12, '1010': 2, '0101': 2, '0011': 1, '1000': 2, '1100': 1}",256,db3gm7klf4us73c18k20,1,0.48046875
6789,1,28,unsw_nested,global,"[6, 7, 8, 9]",170027,28,"{'0011': 9, '0111': 97, '0101': 90, '1101': 15, '1111': 35, '0001': 8, '1011': 1, '1001': 1}",256,db3gm7klf4us73c18k20,1,1.0
6789,1,29,unsw_nested,global,"[6, 7, 8, 9]",155945,29,"{'0111': 136, '0101': 84, '0011': 4, '1110': 1, '1101': 7, '0001': 12, '1111': 10, '1011': 2}",256,db3gm7klf4us73c18k20,1,1.0
6789,1,30,unsw_nested,global,"[6, 7, 8, 9]",78504,30,"{'0000': 123, '0010': 88, '1010': 3, '0110': 10, '0100': 19, '0011': 2, '1000': 9, '0001': 2}",256,db3gm7klf4us73c18k20,1,0.51953125
6789,1,31,unsw_nested,global,"[6, 7, 8, 9]",102721,31,"{'0000': 123, '0010': 53, '0001': 9, '1000': 36, '1100': 3, '1010': 15, '0110': 2, '1011': 2, '0101': 2, '1001': 6, '0100': 3, '0011': 2}",256,db3gm7klf4us73c18k20,1,0.51953125
6789,2,0,unsw_nested,global,"[6, 7, 8, 9]",20534,32,"{'0000': 199, '0001': 14, '0010': 20, '0100': 11, '1100': 1, '0101': 1, '0110': 5, '0011': 2, '1000': 3}",256,db3gm7klf4us73c18k20,0,0.22265625
6789,2,1,unsw_nested,global,"[6, 7, 8, 9]",38547,33,"{'1101': 109, '0111': 18, '0101': 43, '1111': 63, '1011': 7, '1001': 7, '0001': 5, '1110': 2, '0110': 1, '1100': 1}",256,db3gm7klf4us73c18k20,0,1.0
6789,2,2,unsw_nested,global,"[6, 7, 8, 9]",20514,34,"{'0000': 203, '1000': 9, '0110': 10, '0010': 17, '1010': 1, '0100': 7, '0001': 6, '0011': 2, '1001': 1}",256,db3gm7klf4us73c18k20,0,0.20703125
6789,2,3,unsw_nested,global,"[6, 7, 8, 9]",15233,35,"{'0000': 157, '0100': 29, '0010': 8, '0101': 13, '0011': 5, '0001': 32, '1000': 2, '0110': 4, '1101': 3, '1001': 2, '0111': 1}",256,db3gm7klf4us73c18k20,0,0.38671875
6789,2,4,unsw_nested,global,"[6, 7, 8, 9]",104552,36,"{'0010': 133, '0000': 53, '0111': 1, '0110': 15, '0100': 27, '1000': 3, '1110': 5, '1100': 2, '0011': 3, '1010': 11, '0001': 3}",256,db3gm7klf4us73c18k20,0,0.79296875
6789,2,5,unsw_nested,global,"[6, 7, 8, 9]",28902,37,"{'0000': 148, '1000': 57, '0001': 16, '0100': 11, '0010': 9, '1010': 4, '1001': 6, '0110': 4, '1100': 1}",256,db3gm7klf4us73c18k20,0,0.421875
6789,2,6,unsw_nested,global,"[6, 7, 8, 9]",102291,38,"{'0000': 91, '1000': 28, '0100': 70, '1001': 3, '1100': 15, '0001': 6, '1110': 1, '0110': 4, '0010': 24, '1010': 5, '0111': 1, '1011': 1, '0011': 3, '1101': 2, '0101': 2}",256,db3gm7klf4us73c18k20,0,0.64453125
6789,2,7,unsw_nested,global,"[6, 7, 8, 9]",112713,39,"{'0000': 25, '1100': 42, '1101': 36, '0100': 23, '1001': 27, '0001': 16, '0101': 21, '1011': 4, '1000': 44, '1010': 4, '0010': 3, '1111': 3, '0011': 4, '1110': 2, '0110': 2}",256,db3gm7klf4us73c18k20,0,0.90234375
6789,2,8,unsw_nested,global,"[6, 7, 8, 9]",46048,40,"{'1000': 3, '0100': 74, '0101': 77, '1010': 2, '0111': 8, '0001': 16, '1100': 13, '1101': 25, '0011': 3, '1001': 3, '0000': 14, '0110': 9, '1110': 3, '1111': 2, '0010': 4}",256,db3gm7klf4us73c18k20,0,0.9453125
6789,2,9,unsw_nested,global,"[6, 7, 8, 9]",111062,41,"{'0101': 21, '1000': 31, '0001': 28, '1001': 38, '1100': 46, '0100': 26, '0010': 2, '0000': 23, '1111': 3, '1101': 30, '1010': 4, '1011': 2, '0110': 1, '0111': 1}",256,db3gm7klf4us73c18k20,0,0.91015625
6789,2,10,unsw_nested,global,"[6, 7, 8, 9]",21253,42,"{'0000': 223, '0110': 4, '0010': 15, '1000': 3, '0100': 11}",256,db3gm7klf4us73c18k20,0,0.12890625
6789,2,11,unsw_nested,global,"[6, 7, 8, 9]",26898,43,"{'0000': 213, '0100': 6, '0010': 18, '0001': 10, '0110': 5, '1000': 4}",256,db3gm7klf4us73c18k20,0,0.16796875
6789,2,12,unsw_nested,global,"[6, 7, 8, 9]",16575,44,"{'1000': 6, '0101': 2, '1100': 22, '1010': 63, '0010': 95, '1110': 12, '0100': 24, '0110': 18, '0000': 11, '0011': 1, '1011': 2}",256,db3gm7klf4us73c18k20,0,0.95703125
6789,2,13,unsw_nested,global,"[6, 7, 8, 9]",6226,45,"{'0000': 187, '0001': 16, '0010': 17, '0100': 2, '1000': 27, '0110': 4, '1001': 1, '0011': 1, '1100': 1}",256,db3gm7klf4us73c18k20,0,0.26953125
6789,2,14,unsw_nested,global,"[6, 7, 8, 9]",14497,46,"{'0000': 180, '0001': 19, '0100': 18, '0010': 15, '1000': 14, '1100': 2, '1001': 1, '0110': 3, '0101': 2, '1010': 1, '0011': 1}",256,db3gm7klf4us73c18k20,0,0.296875
6789,2,15,unsw_nested,global,"[6, 7, 8, 9]",93111,47,"{'0000': 114, '0010': 72, '0100': 45, '1100': 5, '0110': 6, '1000': 8, '1110': 3, '1010': 3}",256,db3gm7klf4us73c18k20,0,0.5546875
6789,2,16,unsw_nested,global,"[6, 7, 8, 9]",91307,48,"{'0010': 100, '0000': 125, '0001': 7, '0100': 11, '1000': 2, '0110': 4, '0011': 2, '1010': 4, '1001': 1}",256,db3gm7klf4us73c18k20,1,0.51171875
6789,2,17,unsw_nested,global,"[6, 7, 8, 9]",76234,49,"{'0010': 93, '0000': 125, '0100': 7, '0001': 3, '1010': 5, '1000': 19, '0110': 4}",256,db3gm7klf4us73c18k20,1,0.51171875
6789,2,18,unsw_nested,global,"[6, 7, 8, 9]",83746,50,"{'0000': 145, '0010': 86, '0100': 5, '0110': 5, '0001': 7, '0011': 7, '1000': 1}",256,db3gm7klf4us73c18k20,1,0.43359375
6789,2,19,unsw_nested,global,"[6, 7, 8, 9]",161320,51,"{'1010': 17, '1000': 38, '0011': 16, '0001': 8, '1101': 22, '1111': 11, '1001': 19, '0100': 13, '0101': 18, '1110': 10, '1011': 31, '1100': 20, '0010': 12, '0000': 13, '0111': 5, '0110': 3}",256,db3gm7klf4us73c18k20,1,0.94921875
6789,2,20,unsw_nested,global,"[6, 7, 8, 9]",125891,52,"{'0011': 3, '1000': 46, '0100': 7, '0000': 86, '0001': 71, '1011': 3, '1001': 18, '0101': 4, '1101': 6, '1010': 3, '0010': 5, '1100': 2, '0111': 1, '0110': 1}",256,db3gm7klf4us73c18k20,1,0.6640625
6789,2,21,unsw_nested,global,"[6, 7, 8, 9]",174564,53,"{'0101': 165, '0110': 10, '0111': 49, '0011': 4, '0100': 17, '1111': 1, '1100': 1, '0010': 2, '0001': 5, '1101': 1, '1110': 1}",256,db3gm7klf4us73c18k20,1,1.0
6789,2,22,unsw_nested,global,"[6, 7, 8, 9]",83516,54,"{'1100': 5, '0000': 83, '0010': 77, '0100': 59, '1000': 7, '1110': 2, '1010': 8, '0110': 15}",256,db3gm7klf4us73c18k20,1,0.67578125
6789,2,23,unsw_nested,global,"[6, 7, 8, 9]",63204,55,"{'1001': 102, '1010': 8, '1000': 67, '0000': 15, '0001': 35, '1100': 7, '0111': 1, '0010': 1, '1101': 5, '1011': 10, '0100': 2, '1111': 1, '0011': 1, '0110': 1}",256,db3gm7klf4us73c18k20,1,0.94140625
6789,2,24,unsw_nested,global,"[6, 7, 8, 9]",85579,56,"{'0001': 81, '1000': 24, '0000': 81, '1001': 14, '1011': 4, '0100': 15, '0010': 10, '0011': 8, '0101': 7, '0111': 1, '0110': 4, '1111': 1, '1010': 1, '1101': 3, '1100': 2}",256,db3gm7klf4us73c18k20,1,0.68359375
6789,2,25,unsw_nested,global,"[6, 7, 8, 9]",121170,57,"{'1000': 58, '0001': 38, '1101': 7, '0000': 80, '1001': 32, '1100': 10, '1010': 3, '0011': 5, '1110': 3, '0010': 5, '0100': 9, '1011': 2, '0110': 2, '0101': 2}",256,db3gm7klf4us73c18k20,1,0.6875
6789,2,26,unsw_nested,global,"[6, 7, 8, 9]",126248,58,"{'0010': 103, '0000': 124, '0100': 6, '1000': 6, '1010': 6, '0110': 5, '0001': 2, '0011': 4}",256,db3gm7klf4us73c18k20,1,0.515625
6789,2,27,unsw_nested,global,"[6, 7, 8, 9]",101220,59,"{'0010': 60, '0000': 157, '0100': 17, '0001': 8, '1000': 3, '0110': 3, '0011': 5, '1100': 1, '1110': 1, '0111': 1}",256,db3gm7klf4us73c18k20,1,0.38671875
6789,2,28,unsw_nested,global,"[6, 7, 8, 9]",170027,60,"{'1111': 17, '0101': 122, '1101': 25, '0111': 64, '0100': 2, '1011': 4, '0011': 10, '0001': 5, '1001': 2, '1100': 2, '0110': 2, '1110': 1}",256,db3gm7klf4us73c18k20,1,1.0
6789,2,29,unsw_nested,global,"[6, 7, 8, 9]",155945,61,"{'0101': 136, '0011': 8, '0111': 77, '0110': 1, '0001': 7, '1111': 6, '1101': 15, '1001': 2, '0100': 2, '1011': 2}",256,db3gm7klf4us73c18k20,1,1.0
6789,2,30,unsw_nested,global,"[6, 7, 8, 9]",78504,62,"{'0000': 124, '0010': 91, '1000': 12, '0100': 17, '0110': 5, '1010': 4, '0001': 2, '1110': 1}",256,db3gm7klf4us73c18k20,1,0.515625
6789,2,31,unsw_nested,global,"[6, 7, 8, 9]",102721,63,"{'0000': 132, '0001': 20, '0010': 49, '1010': 10, '0100': 7, '1110': 1, '1000': 32, '0011': 1, '0110': 1, '1001': 2, '1011': 1}",256,db3gm7klf4us73c18k20,1,0.484375
6789,3,0,unsw_nested,global,"[6, 7, 8, 9]",20534,64,"{'0000': 189, '0010': 15, '0100': 22, '0001': 16, '1000': 6, '1001': 1, '0110': 3, '0011': 2, '0101': 1, '1010': 1}",256,db3gm7klf4us73c18k20,0,0.26171875
6789,3,1,unsw_nested,global,"[6, 7, 8, 9]",38547,65,"{'1101': 45, '1011': 9, '0101': 21, '1111': 131, '0111': 39, '1110': 3, '0001': 2, '1001': 2, '0100': 1, '1100': 1, '0011': 1, '1000': 1}",256,db3gm7klf4us73c18k20,0,1.0
6789,3,2,unsw_nested,global,"[6, 7, 8, 9]",20514,66,"{'0000': 212, '0001': 16, '0011': 1, '1000': 4, '1001': 1, '0100': 6, '0010': 13, '1010': 2, '0110': 1}",256,db3gm7klf4us73c18k20,0,0.171875
6789,3,3,unsw_nested,global,"[6, 7, 8, 9]",15233,67,"{'0100': 38, '0001': 42, '0110': 4, '0000': 144, '1010': 1, '1000': 2, '0101': 6, '0010': 12, '1001': 1, '1100': 1, '1101': 1, '0011': 4}",256,db3gm7klf4us73c18k20,0,0.4375
6789,3,4,unsw_nested,global,"[6, 7, 8, 9]",104552,68,"{'0110': 45, '1010': 17, '0010': 104, '0000': 47, '0100': 23, '1100': 2, '0011': 3, '1000': 7, '1110': 5, '0101': 2, '0111': 1}",256,db3gm7klf4us73c18k20,0,0.81640625
6789,3,5,unsw_nested,global,"[6, 7, 8, 9]",28902,69,"{'1000': 54, '0000': 151, '0010': 17, '0100': 13, '0101': 1, '0001': 9, '1010': 4, '1100': 4, '0110': 1, '1001': 2}",256,db3gm7klf4us73c18k20,0,0.41015625
6789,3,6,unsw_nested,global,"[6, 7, 8, 9]",102291,70,"{'0110': 34, '1100': 14, '1000': 22, '0000': 89, '1110': 6, '0001': 5, '0100': 49, '0010': 19, '0101': 6, '1010': 6, '1011': 1, '0011': 3, '1101': 1, '0111': 1}",256,db3gm7klf4us73c18k20,0,0.65234375
6789,3,7,unsw_nested,global,"[6, 7, 8, 9]",112713,71,"{'1001': 22, '1100': 41, '1101': 43, '0101': 23, '0111': 4, '0000': 25, '0001': 16, '1111': 5, '1000': 41, '1110': 4, '0100': 24, '0011': 1, '0110': 3, '1011': 3, '0010': 1}",256,db3gm7klf4us73c18k20,0,0.90234375
6789,3,8,unsw_nested,global,"[6, 7, 8, 9]",46048,72,"{'0111': 20, '0110': 20, '0100': 69, '0000': 9, '0101': 65, '1000': 4, '1100': 14, '0001': 14, '1101': 27, '1001': 5, '1110': 3, '1111': 4, '0011': 1, '0010': 1}",256,db3gm7klf4us73c18k20,0,0.96484375
6789,3,9,unsw_nested,global,"[6, 7, 8, 9]",111062,73,"{'0100': 22, '1000': 41, '1001': 30, '1101': 38, '0001': 15, '1100': 41, '0000': 33, '0101': 10, '1011': 5, '1111': 4, '0010': 4, '1010': 3, '0111': 5, '1110': 2, '0110': 3}",256,db3gm7klf4us73c18k20,0,0.87109375
6789,3,10,unsw_nested,global,"[6, 7, 8, 9]",21253,74,"{'0000': 225, '0100': 11, '0010': 16, '0110': 2, '0001': 1, '0101': 1}",256,db3gm7klf4us73c18k20,0,0.12109375
6789,3,11,unsw_nested,global,"[6, 7, 8, 9]",26898,75,"{'0000': 224, '0001': 9, '0100': 11, '0010': 8, '0110': 1, '1000': 2, '0011': 1}",256,db3gm7klf4us73c18k20,0,0.125
6789,3,12,unsw_nested,global,"[6, 7, 8, 9]",16575,76,"{'1010': 59, '0110': 55, '0100': 12, '0010': 69, '1000': 11, '1110': 26, '0000': 11, '0111': 3, '1100': 10}",256,db3gm7klf4us73c18k20,0,0.95703125
6789,3,13,unsw_nested,global,"[6, 7, 8, 9]",6226,77,"{'0000': 191, '0010': 15, '1000': 22, '0100': 7, '0001': 16, '1001': 3, '1100': 1, '1110': 1}",256,db3gm7klf4us73c18k20,0,0.25390625
6789,3,14,unsw_nested,global,"[6, 7, 8, 9]",14497,78,"{'0000': 189, '0100': 14, '1001': 2, '0010': 15, '0011': 3, '1000': 11, '1100': 1, '0001': 19, '1010': 1, '0110': 1}",256,db3gm7klf4us73c18k20,0,0.26171875
6789,3,15,unsw_nested,global,"[6, 7, 8, 9]",93111,79,"{'0110': 23, '1000': 10, '0010': 63, '1110': 4, '0000': 103, '0100': 39, '1100': 6, '1001': 1, '1010': 6, '0011': 1}",256,db3gm7klf4us73c18k20,0,0.59765625
6789,3,16,unsw_nested,global,"[6, 7, 8, 9]",91307,80,"{'0000': 110, '0100': 7, '0011': 4, '0010': 109, '0110': 11, '0001': 7, '1010': 3, '1000': 4, '1100': 1}",256,db3gm7klf4us73c18k20,1,0.5703125
6789,3,17,unsw_nested,global,"[6, 7, 8, 9]",76234,81,"{'0000': 125, '1000': 16, '0100': 5, '0010': 90, '0110': 4, '1010': 15, '1100': 1}",256,db3gm7klf4us73c18k20,1,0.51171875
6789,3,18,unsw_nested,global,"[6, 7, 8, 9]",83746,82,"{'0000': 151, '0010': 68, '0001': 13, '1010': 7, '0100': 4, '0011': 3, '0110': 4, '1000': 5, '0111': 1}",256,db3gm7klf4us73c18k20,1,0.41015625
6789,3,19,unsw_nested,global,"[6, 7, 8, 9]",161320,83,"{'1001': 28, '1010': 28, '1011': 34, '1101': 26, '0011': 13, '1100': 18, '1000': 28, '0000': 12, '0100': 8, '0110': 7, '1111': 7, '0010': 9, '1110': 11, '0001': 14, '0111': 5, '0101': 8}",256,db3gm7klf4us73c18k20,1,0.953125
6789,3,20,unsw_nested,global,"[6, 7, 8, 9]",125891,84,"{'0000': 79, '1000': 45, '0100': 9, '0001': 58, '1001': 33, '0011': 9, '1011': 3, '0110': 2, '1010': 5, '1111': 1, '0101': 3, '1110': 2, '0010': 4, '1101': 1, '1100': 1, '0111': 1}",256,db3gm7klf4us73c18k20,1,0.69140625
6789,3,21,unsw_nested,global,"[6, 7, 8, 9]",174564,85,"{'0111': 91, '0101': 111, '1110': 1, '0100': 14, '0011': 6, '0001': 2, '0110': 20, '1011': 1, '1101': 5, '0000': 3, '0010': 1, '1100': 1}",256,db3gm7klf4us73c18k20,1,0.98828125
6789,3,22,unsw_nested,global,"[6, 7, 8, 9]",83516,86,"{'1010': 13, '0100': 54, '0010': 60, '0000': 74, '0110': 44, '1100': 5, '1110': 2, '1000': 4}",256,db3gm7klf4us73c18k20,1,0.7109375
6789,3,23,unsw_nested,global,"[6, 7, 8, 9]",63204,87,"{'1000': 58, '1001': 118, '0001': 24, '0000': 22, '1010': 5, '1101': 7, '1110': 3, '0011': 3, '0101': 1, '1111': 1, '0010': 3, '1100': 4, '1011': 6, '0100': 1}",256,db3gm7klf4us73c18k20,1,0.9140625
6789,3,24,unsw_nested,global,"[6, 7, 8, 9]",85579,88,"{'1000': 30, '1101': 3, '0000': 70, '0001': 69, '0100': 11, '1100': 8, '1001': 33, '0110': 2, '0011': 4, '0101': 10, '0010': 11, '1011': 1, '1010': 2, '1111': 1, '1110': 1}",256,db3gm7klf4us73c18k20,1,0.7265625
6789,3,25,unsw_nested,global,"[6, 7, 8, 9]",121170,89,"{'0001': 32, '0000': 60, '1000': 54, '0011': 6, '1001': 54, '1100': 6, '0010': 10, '0101': 10, '1101': 4, '0100': 12, '1010': 3, '0110': 1, '1011': 3, '1110': 1}",256,db3gm7klf4us73c18k20,1,0.765625
6789,3,26,unsw_nested,global,"[6, 7, 8, 9]",126248,90,"{'0010': 110, '0000': 114, '0100': 10, '1010': 10, '0001': 1, '0110': 3, '1000': 7, '0011': 1}",256,db3gm7klf4us73c18k20,1,0.5546875
6789,3,27,unsw_nested,global,"[6, 7, 8, 9]",101220,91,"{'0000': 136, '0010': 66, '0100': 20, '0110': 15, '0001': 9, '0011': 3, '1000': 4, '0101': 1, '1010': 2}",256,db3gm7klf4us73c18k20,1,0.46875
6789,3,28,unsw_nested,global,"[6, 7, 8, 9]",170027,92,"{'1101': 10, '0111': 118, '0011': 13, '0101': 72, '1111': 34, '0001': 4, '0110': 3, '0100': 2}",256,db3gm7klf4us73c18k20,1,1.0
6789,3,29,unsw_nested,global,"[6, 7, 8, 9]",155945,93,"{'0101': 66, '0111': 136, '1101': 5, '1111': 22, '0011': 18, '0010': 1, '0001': 5, '0110': 2, '0100': 1}",256,db3gm7klf4us73c18k20,1,1.0
6789,3,30,unsw_nested,global,"[6, 7, 8, 9]",78504,94,"{'0000': 112, '0010': 105, '0111': 2, '1000': 11, '0110': 6, '0100': 13, '1010': 6, '1100': 1}",256,db3gm7klf4us73c18k20,1,0.5625
6789,3,31,unsw_nested,global,"[6, 7, 8, 9]",102721,95,"{'0010': 49, '0011': 7, '0000': 141, '1000': 24, '1010': 17, '0110': 1, '0100': 3, '1001': 3, '1110': 2, '1011': 3, '0001': 5, '1100': 1}",256,db3gm7klf4us73c18k20,1,0.44921875
6789,4,0,unsw_nested,global,"[6, 7, 8, 9]",20534,96,"{'0000': 203, '0101': 2, '0111': 1, '0001': 12, '1000': 4, '0010': 15, '0100': 13, '0110': 2, '0011': 2, '1100': 1, '1001': 1}",256,db3gm7klf4us73c18k20,0,0.20703125
6789,4,1,unsw_nested,global,"[6, 7, 8, 9]",38547,97,"{'1111': 147, '0111': 44, '0101': 7, '1101': 37, '0011': 4, '1110': 4, '1011': 4, '0110': 2, '1001': 2, '0100': 2, '0000': 1, '0001': 1, '1010': 1}",256,db3gm7klf4us73c18k20,0,0.99609375
6789,4,2,unsw_nested,global,"[6, 7, 8, 9]",20514,98,"{'0000': 200, '1000': 5, '0010': 19, '0100': 13, '0011': 1, '0001': 15, '0110': 1, '1010': 1, '0101': 1}",256,db3gm7klf4us73c18k20,0,0.21875
6789,4,3,unsw_nested,global,"[6, 7, 8, 9]",15233,99,"{'0010': 10, '0000': 155, '0100': 27, '0101': 12, '0001': 33, '0110': 3, '0011': 5, '1100': 2, '1000': 4, '1001': 1, '1010': 1, '1101': 1, '1111': 1, '0111': 1}",256,db3gm7klf4us73c18k20,0,0.39453125
6789,4,4,unsw_nested,global,"[6, 7, 8, 9]",104552,100,"{'0010': 108, '0110': 34, '1010': 20, '0000': 50, '1000': 9, '1110': 2, '0100': 24, '0011': 3, '1100': 4, '0101': 1, '0111': 1}",256,db3gm7klf4us73c18k20,0,0.8046875
6789,4,5,unsw_nested,global,"[6, 7, 8, 9]",28902,101,"{'0000': 159, '1010': 6, '0100': 14, '1000': 39, '0101': 1, '0001': 15, '0010': 13, '1100': 5, '1001': 3, '0011': 1}",256,db3gm7klf4us73c18k20,0,0.37890625
6789,4,6,unsw_nested,global,"[6, 7, 8, 9]",102291,102,"{'0111': 2, '0010': 33, '0000': 82, '0100': 64, '1100': 17, '1000': 23, '1010': 6, '1001': 1, '0011': 5, '0101': 2, '0001': 6, '0110': 11, '1110': 2, '1111': 1, '1011': 1}",256,db3gm7klf4us73c18k20,0,0.6796875
6789,4,7,unsw_nested,global,"[6, 7, 8, 9]",112713,103,"{'0100': 33, '1101': 34, '0010': 3, '1001': 35, '1000': 32, '0001': 15, '1100': 38, '0101': 26, '0000': 23, '1110': 3, '1010': 3, '0011': 5, '0111': 2, '1111': 3, '1011': 1}",256,db3gm7klf4us73c18k20,0,0.91015625
6789,4,8,unsw_nested,global,"[6, 7, 8, 9]",46048,104,"{'0101': 58, '1100': 31, '1000': 7, '1101': 22, '0111': 20, '0100': 66, '0000': 15, '0011': 5, '1001': 4, '1110': 2, '0010': 3, '0001': 7, '0110': 8, '1010': 2, '1011': 4, '1111': 2}",256,db3gm7klf4us73c18k20,0,0.94140625
6789,4,9,unsw_nested,global,"[6, 7, 8, 9]",111062,105,"{'0101': 18, '1000': 44, '0001': 12, '1100': 53, '0000': 18, '0100': 28, '1001': 34, '0010': 2, '1101': 24, '1010': 7, '0110': 2, '1110': 2, '0111': 6, '1111': 3, '0011': 1, '1011': 2}",256,db3gm7klf4us73c18k20,0,0.9296875
6789,4,10,unsw_nested,global,"[6, 7, 8, 9]",21253,106,"{'0010': 18, '0000': 223, '0100': 10, '1100': 2, '0001': 1, '1110': 1, '1000': 1}",256,db3gm7klf4us73c18k20,0,0.12890625
6789,4,11,unsw_nested,global,"[6, 7, 8, 9]",26898,107,"{'0000': 218, '0100': 6, '0001': 11, '0010': 14, '0110': 2, '1000': 3, '1010': 1, '1100': 1}",256,db3gm7klf4us73c18k20,0,0.1484375
6789,4,12,unsw_nested,global,"[6, 7, 8, 9]",16575,108,"{'1010': 67, '0010': 107, '0000': 12, '0110': 28, '1100': 16, '1000': 10, '0100': 13, '1110': 3}",256,db3gm7klf4us73c18k20,0,0.953125
6789,4,13,unsw_nested,global,"[6, 7, 8, 9]",6226,109,"{'0000': 199, '0100': 8, '0001': 13, '0010': 12, '1000': 20, '0110': 1, '1001': 1, '0011': 2}",256,db3gm7klf4us73c18k20,0,0.22265625
6789,4,14,unsw_nested,global,"[6, 7, 8, 9]",14497,110,"{'0000': 205, '0100': 17, '1000': 7, '0001': 10, '0010': 12, '0101': 1, '1100': 1, '0110': 2, '0011': 1}",256,db3gm7klf4us73c18k20,0,0.19921875
6789,4,15,unsw_nested,global,"[6, 7, 8, 9]",93111,111,"{'0110': 16, '1000': 14, '0100': 47, '0010': 71, '0000': 96, '1110': 2, '1100': 4, '1010': 6}",256,db3gm7klf4us73c18k20,0,0.625
6789,4,16,unsw_nested,global,"[6, 7, 8, 9]",91307,112,"{'0000': 104, '0010': 117, '0011': 4, '1000': 8, '0100': 3, '1010': 9, '0110': 7, '0001': 2, '1001': 1, '0111': 1}",256,db3gm7klf4us73c18k20,1,0.59375
6789,4,17,unsw_nested,global,"[6, 7, 8, 9]",76234,113,"{'1010': 12, '0100': 9, '1000': 23, '0000': 115, '0010': 87, '0110': 8, '1100': 2}",256,db3gm7klf4us73c18k20,1,0.55078125
6789,4,18,unsw_nested,global,"[6, 7, 8, 9]",83746,114,"{'0000': 138, '0011': 9, '0110': 6, '0010': 83, '1000': 3, '0001': 5, '0100': 10, '0101': 1, '0111': 1}",256,db3gm7klf4us73c18k20,1,0.4609375
6789,4,19,unsw_nested,global,"[6, 7, 8, 9]",161320,115,"{'1010': 28, '1110': 12, '1011': 34, '0111': 8, '1000': 21, '1111': 12, '1101': 29, '1100': 21, '0100': 5, '0110': 9, '0011': 13, '0101': 16, '0001': 11, '1001': 17, '0010': 14, '0000': 6}",256,db3gm7klf4us73c18k20,1,0.9765625
6789,4,20,unsw_nested,global,"[6, 7, 8, 9]",125891,116,"{'0000': 73, '1001': 47, '0001': 56, '0101': 7, '1000': 39, '0011': 15, '1110': 2, '0100': 5, '1010': 4, '0010': 4, '0110': 1, '1011': 2, '1100': 1}",256,db3gm7klf4us73c18k20,1,0.71484375
6789,4,21,unsw_nested,global,"[6, 7, 8, 9]",174564,117,"{'0111': 123, '0110': 22, '0101': 75, '1111': 2, '0100': 18, '0001': 7, '1011': 2, '1101': 2, '0011': 4, '0010': 1}",256,db3gm7klf4us73c18k20,1,1.0
6789,4,22,unsw_nested,global,"[6, 7, 8, 9]",83516,118,"{'0010': 79, '0110': 36, '0000': 71, '1010': 11, '1000': 5, '0100': 43, '1110': 3, '1100': 8}",256,db3gm7klf4us73c18k20,1,0.72265625
6789,4,23,unsw_nested,global,"[6, 7, 8, 9]",63204,119,"{'1101': 2, '1100': 9, '1000': 56, '1001': 121, '0000': 18, '0101': 4, '0001': 29, '1010': 8, '1110': 1, '1011': 3, '0111': 1, '0010': 2, '0100': 1, '1111': 1}",256,db3gm7klf4us73c18k20,1,0.9296875
6789,4,24,unsw_nested,global,"[6, 7, 8, 9]",85579,120,"{'0000': 68, '0001': 69, '1001': 29, '1000': 34, '0111': 3, '0011': 8, '0010': 8, '0100': 15, '1101': 3, '0101': 4, '1100': 4, '1011': 6, '1010': 3, '0110': 2}",256,db3gm7klf4us73c18k20,1,0.734375
6789,4,25,unsw_nested,global,"[6, 7, 8, 9]",121170,121,"{'1001': 32, '0000': 82, '1000': 61, '0001': 48, '0100': 7, '1010': 5, '1100': 5, '1101': 4, '0010': 5, '1011': 2, '1111': 2, '0101': 3}",256,db3gm7klf4us73c18k20,1,0.6796875
6789,4,26,unsw_nested,global,"[6, 7, 8, 9]",126248,122,"{'0010': 108, '0000': 114, '1010': 11, '0011': 1, '0100': 6, '0110': 3, '1000': 9, '0001': 3, '1101': 1}",256,db3gm7klf4us73c18k20,1,0.5546875
6789,4,27,unsw_nested,global,"[6, 7, 8, 9]",101220,123,"{'0000': 130, '1000': 6, '0010': 67, '0110': 11, '0101': 2, '1010': 5, '0100': 17, '0001': 12, '0011': 6}",256,db3gm7klf4us73c18k20,1,0.4921875
6789,4,28,unsw_nested,global,"[6, 7, 8, 9]",170027,124,"{'0111': 154, '0101': 39, '1111': 36, '0011': 10, '1101': 8, '0110': 4, '0100': 4, '1110': 1}",256,db3gm7klf4us73c18k20,1,1.0
6789,4,29,unsw_nested,global,"[6, 7, 8, 9]",155945,125,"{'0111': 172, '1111': 28, '0101': 31, '0110': 2, '0011': 12, '1101': 1, '1100': 2, '0001': 2, '1110': 1, '0100': 3, '0000': 1, '1011': 1}",256,db3gm7klf4us73c18k20,1,0.99609375
6789,4,30,unsw_nested,global,"[6, 7, 8, 9]",78504,126,"{'0010': 93, '0000': 122, '0110': 15, '1110': 1, '0100': 7, '1000': 8, '1010': 10}",256,db3gm7klf4us73c18k20,1,0.5234375
6789,4,31,unsw_nested,global,"[6, 7, 8, 9]",102721,127,"{'0010': 65, '0000': 129, '1000': 23, '1010': 11, '0011': 5, '0101': 3, '0001': 11, '1100': 2, '0110': 2, '0100': 3, '1110': 1, '1011': 1}",256,db3gm7klf4us73c18k20,1,0.49609375
6789,5,0,unsw_nested,global,"[6, 7, 8, 9]",20534,128,"{'0000': 194, '0010': 14, '0100': 15, '0001': 21, '0101': 1, '0110': 5, '0111': 1, '0011': 1, '1000': 4}",256,db3gm7klf4us73c18k20,0,0.2421875
6789,5,1,unsw_nested,global,"[6, 7, 8, 9]",38547,129,"{'0101': 32, '1101': 106, '0111': 29, '1111': 58, '1011': 6, '1001': 11, '1100': 5, '0001': 2, '0100': 1, '0011': 3, '1110': 3}",256,db3gm7klf4us73c18k20,0,1.0
6789,5,2,unsw_nested,global,"[6, 7, 8, 9]",20514,130,"{'0000': 194, '0110': 9, '0100': 15, '0010': 21, '0001': 9, '1010': 2, '1000': 4, '1100': 1, '0011': 1}",256,db3gm7klf4us73c18k20,0,0.2421875
6789,5,3,unsw_nested,global,"[6, 7, 8, 9]",15233,131,"{'0000': 151, '0100': 34, '0111': 2, '0010': 12, '0001': 28, '0110': 5, '0101': 8, '0011': 2, '1000': 11, '1101': 1, '1100': 1, '1010': 1}",256,db3gm7klf4us73c18k20,0,0.41015625
6789,5,4,unsw_nested,global,"[6, 7, 8, 9]",104552,132,"{'0010': 120, '1100': 6, '0100': 41, '0000': 41, '0110': 27, '0001': 2, '1000': 3, '0011': 2, '1010': 13, '0101': 1}",256,db3gm7klf4us73c18k20,0,0.83984375
6789,5,5,unsw_nested,global,"[6, 7, 8, 9]",28902,133,"{'0000': 156, '1010': 6, '1000': 40, '0010': 14, '0001': 10, '0110': 5, '1001': 3, '0100': 14, '1100': 6, '0101': 2}",256,db3gm7klf4us73c18k20,0,0.390625
6789,5,6,unsw_nested,global,"[6, 7, 8, 9]",102291,134,"{'0000': 89, '0100': 61, '1000': 28, '0110': 16, '1110': 2, '1010': 11, '0001': 6, '0011': 3, '0010': 17, '1100': 16, '1011': 2, '1001': 1, '0111': 2, '0101': 2}",256,db3gm7klf4us73c18k20,0,0.65234375
6789,5,7,unsw_nested,global,"[6, 7, 8, 9]",112713,135,"{'1101': 35, '1001': 40, '1100': 32, '1111': 3, '0100': 33, '0101': 21, '1110': 5, '0000': 14, '1000': 43, '0010': 2, '0001': 18, '1011': 3, '1010': 4, '0011': 1, '0110': 1, '0111': 1}",256,db3gm7klf4us73c18k20,0,0.9453125
6789,5,8,unsw_nested,global,"[6, 7, 8, 9]",46048,136,"{'0101': 84, '0100': 66, '0000': 16, '1101': 21, '0011': 3, '0110': 9, '0001': 8, '0111': 9, '1100': 19, '1000': 3, '1110': 3, '1111': 6, '1001': 4, '1011': 2, '0010': 3}",256,db3gm7klf4us73c18k20,0,0.9375
6789,5,9,unsw_nested,global,"[6, 7, 8, 9]",111062,137,"{'1101': 30, '1000': 36, '1111': 1, '1100': 47, '0101': 26, '0000': 25, '0100': 21, '0001': 22, '1001': 34, '0010': 4, '0110': 2, '0011': 2, '0111': 1, '1011': 2, '1110': 2, '1010': 1}",256,db3gm7klf4us73c18k20,0,0.90234375
6789,5,10,unsw_nested,global,"[6, 7, 8, 9]",21253,138,"{'0000': 219, '0010': 15, '0110': 3, '0100': 17, '1000': 1, '1001': 1}",256,db3gm7klf4us73c18k20,0,0.14453125
6789,5,11,unsw_nested,global,"[6, 7, 8, 9]",26898,139,"{'0000': 215, '0100': 12, '0010': 17, '0001': 6, '1000': 4, '0110': 2}",256,db3gm7klf4us73c18k20,0,0.16015625
6789,5,12,unsw_nested,global,"[6, 7, 8, 9]",16575,140,"{'1010': 65, '1000': 6, '0100': 41, '0010': 85, '1110': 12, '0110': 22, '1100': 13, '0000': 12}",256,db3gm7klf4us73c18k20,0,0.953125
6789,5,13,unsw_nested,global,"[6, 7, 8, 9]",6226,141,"{'1000': 16, '0010': 16, '0100': 12, '0000': 188, '0001': 17, '0110': 4, '0011': 2, '1010': 1}",256,db3gm7klf4us73c18k20,0,0.265625
6789,5,14,unsw_nested,global,"[6, 7, 8, 9]",14497,142,"{'0000': 193, '0110': 1, '0100': 20, '1000': 4, '0001': 18, '0010': 17, '0111': 1, '1100': 1, '0011': 1}",256,db3gm7klf4us73c18k20,0,0.24609375
6789,5,15,unsw_nested,global,"[6, 7, 8, 9]",93111,143,"{'0010': 60, '0000': 85, '1110': 2, '0100': 58, '1010': 17, '0110': 9, '1000': 16, '0101': 1, '1100': 8}",256,db3gm7klf4us73c18k20,0,0.66796875
6789,5,16,unsw_nested,global,"[6, 7, 8, 9]",91307,144,"{'0010': 109, '0100': 14, '1000': 5, '0000': 108, '0110': 6, '0101': 1, '1010': 7, '0001': 2, '0011': 4}",256,db3gm7klf4us73c18k20,1,0.578125
6789,5,17,unsw_nested,global,"[6, 7, 8, 9]",76234,145,"{'0000': 106, '1000': 22, '0010': 96, '0100': 11, '1010': 14, '0110': 4, '1100': 2, '0001': 1}",256,db3gm7klf4us73c18k20,1,0.5859375
6789,5,18,unsw_nested,global,"[6, 7, 8, 9]",83746,146,"{'0000': 135, '0110': 3, '0010': 77, '1000': 6, '0100': 9, '0001': 14, '0011': 8, '1001': 1, '1010': 2, '1110': 1}",256,db3gm7klf4us73c18k20,1,0.47265625
6789,5,19,unsw_nested,global,"[6, 7, 8, 9]",161320,147,"{'1000': 27, '1010': 28, '0011': 15, '0010': 10, '1101': 34, '1100': 20, '1011': 40, '0100': 10, '0101': 9, '0111': 7, '0000': 8, '0110': 7, '1001': 21, '1111': 7, '1110': 6, '0001': 7}",256,db3gm7klf4us73c18k20,1,0.96875
6789,5,20,unsw_nested,global,"[6, 7, 8, 9]",125891,148,"{'1001': 37, '0001': 60, '1100': 3, '1000': 50, '0000': 75, '0011': 5, '0110': 3, '1010': 5, '0010': 6, '1011': 3, '0101': 5, '0100': 4}",256,db3gm7klf4us73c18k20,1,0.70703125
6789,5,21,unsw_nested,global,"[6, 7, 8, 9]",174564,149,"{'0101': 114, '0100': 33, '0111': 76, '0001': 10, '0110': 9, '1100': 2, '0011': 6, '1111': 2, '1011': 1, '0000': 2, '1101': 1}",256,db3gm7klf4us73c18k20,1,0.9921875
6789,5,22,unsw_nested,global,"[6, 7, 8, 9]",83516,150,"{'0100': 61, '0010': 71, '0000': 73, '1000': 13, '1110': 1, '1010': 10, '0110': 22, '1100': 5}",256,db3gm7klf4us73c18k20,1,0.71484375
6789,5,23,unsw_nested,global,"[6, 7, 8, 9]",63204,151,"{'1000': 87, '1001': 108, '0001': 19, '0111': 1, '1010': 6, '0000': 15, '1100': 3, '1101': 6, '1011': 8, '0100': 1, '1111': 2}",256,db3gm7klf4us73c18k20,1,0.94140625
6789,5,24,unsw_nested,global,"[6, 7, 8, 9]",85579,152,"{'1000': 37, '0100': 15, '0001': 68, '0101': 9, '1001': 26, '0000': 71, '1100': 2, '0010': 3, '0011': 7, '1101': 6, '1010': 4, '1011': 5, '0111': 1, '1110': 1, '0110': 1}",256,db3gm7klf4us73c18k20,1,0.72265625
6789,5,25,unsw_nested,global,"[6, 7, 8, 9]",121170,153,"{'0000': 75, '1000': 70, '0101': 6, '1001': 37, '0100': 8, '0011': 1, '0001': 36, '1010': 6, '0010': 7, '1100': 7, '1101': 3}",256,db3gm7klf4us73c18k20,1,0.70703125
6789,5,26,unsw_nested,global,"[6, 7, 8, 9]",126248,154,"{'0010': 107, '0000': 116, '0110': 4, '1000': 8, '1010': 10, '0101': 1, '0100': 6, '0001': 2, '1100': 1, '1001': 1}",256,db3gm7klf4us73c18k20,1,0.546875
6789,5,27,unsw_nested,global,"[6, 7, 8, 9]",101220,155,"{'0010': 64, '0000': 138, '1010': 3, '0100': 26, '1000': 6, '0001': 9, '0111': 2, '0011': 3, '0110': 4, '1111': 1}",256,db3gm7klf4us73c18k20,1,0.4609375
6789,5,28,unsw_nested,global,"[6, 7, 8, 9]",170027,156,"{'0111': 91, '1101': 30, '0101': 94, '0011': 7, '1111': 13, '1100': 4, '0100': 5, '0110': 7, '1001': 2, '0001': 3}",256,db3gm7klf4us73c18k20,1,1.0
6789,5,29,unsw_nested,global,"[6, 7, 8, 9]",155945,157,"{'0111': 116, '0101': 99, '1011': 1, '0001': 8, '0011': 5, '1111': 9, '1101': 10, '0110': 5, '1001': 1, '0100': 2}",256,db3gm7klf4us73c18k20,1,1.0
6789,5,30,unsw_nested,global,"[6, 7, 8, 9]",78504,158,"{'0000': 106, '0010': 95, '1000': 17, '0100': 15, '1010': 15, '0110': 8}",256,db3gm7klf4us73c18k20,1,0.5859375
6789,5,31,unsw_nested,global,"[6, 7, 8, 9]",102721,159,"{'0010': 66, '0000': 119, '0001': 8, '1000': 28, '1110': 2, '1010': 10, '1111': 1, '0100': 7, '0011': 3, '0110': 7, '1001': 3, '1100': 2}",256,db3gm7klf4us73c18k20,1,0.53515625
