L,sample_index,sample_id,execution,score,true_label,anomaly_score,region
1,0,20534,ideal_statevector,1-P(0000),0,0.20748879894700567,ideal
1,1,38547,ideal_statevector,1-P(0000),0,0.9999999999998613,ideal
1,2,20514,ideal_statevector,1-P(0000),0,0.15246010198405313,ideal
1,3,15233,ideal_statevector,1-P(0000),0,0.38670547302547276,ideal
1,4,104552,ideal_statevector,1-P(0000),0,0.7976700943930164,ideal
1,5,28902,ideal_statevector,1-P(0000),0,0.4392087030905665,ideal
1,6,102291,ideal_statevector,1-P(0000),0,0.5866688516054948,ideal
1,7,112713,ideal_statevector,1-P(0000),0,0.8927604043560149,ideal
1,8,46048,ideal_statevector,1-P(0000),0,0.9448197332604538,ideal
1,9,111062,ideal_statevector,1-P(0000),0,0.8927608174643149,ideal
1,10,21253,ideal_statevector,1-P(0000),0,0.06928365657665225,ideal
1,11,26898,ideal_statevector,1-P(0000),0,0.05546742276195327,ideal
1,12,16575,ideal_statevector,1-P(0000),0,0.9724432773536822,ideal
1,13,6226,ideal_statevector,1-P(0000),0,0.22890932775217676,ideal
1,14,14497,ideal_statevector,1-P(0000),0,0.20847702394531287,ideal
1,15,93111,ideal_statevector,1-P(0000),0,0.5483288647144374,ideal
1,16,91307,ideal_statevector,1-P(0000),1,0.49649851385442834,ideal
1,17,76234,ideal_statevector,1-P(0000),1,0.43707286358251896,ideal
1,18,83746,ideal_statevector,1-P(0000),1,0.3709729668108437,ideal
1,19,161320,ideal_statevector,1-P(0000),1,0.9507049931785254,ideal
1,20,125891,ideal_statevector,1-P(0000),1,0.5937844199463125,ideal
1,21,174564,ideal_statevector,1-P(0000),1,0.999853371406893,ideal
1,22,83516,ideal_statevector,1-P(0000),1,0.6601453286578638,ideal
1,23,63204,ideal_statevector,1-P(0000),1,0.8935705668482674,ideal
1,24,85579,ideal_statevector,1-P(0000),1,0.6060107408224689,ideal
1,25,121170,ideal_statevector,1-P(0000),1,0.624283033736778,ideal
1,26,126248,ideal_statevector,1-P(0000),1,0.4632317437890521,ideal
1,27,101220,ideal_statevector,1-P(0000),1,0.37938535382107597,ideal
1,28,170027,ideal_statevector,1-P(0000),1,0.9999999999994237,ideal
1,29,155945,ideal_statevector,1-P(0000),1,0.9999999999993767,ideal
1,30,78504,ideal_statevector,1-P(0000),1,0.46526476398110017,ideal
1,31,102721,ideal_statevector,1-P(0000),1,0.5003758380342923,ideal
2,0,20534,ideal_statevector,1-P(0000),0,0.1798787458196366,ideal
2,1,38547,ideal_statevector,1-P(0000),0,0.9999999999997062,ideal
2,2,20514,ideal_statevector,1-P(0000),0,0.13461686498296666,ideal
2,3,15233,ideal_statevector,1-P(0000),0,0.38297833690679695,ideal
2,4,104552,ideal_statevector,1-P(0000),0,0.7977844534666554,ideal
2,5,28902,ideal_statevector,1-P(0000),0,0.39748115586122923,ideal
2,6,102291,ideal_statevector,1-P(0000),0,0.6148062719424114,ideal
2,7,112713,ideal_statevector,1-P(0000),0,0.897390006524496,ideal
2,8,46048,ideal_statevector,1-P(0000),0,0.9553364848580522,ideal
2,9,111062,ideal_statevector,1-P(0000),0,0.897390529201684,ideal
2,10,21253,ideal_statevector,1-P(0000),0,0.04935829589390217,ideal
2,11,26898,ideal_statevector,1-P(0000),0,0.04799204429460724,ideal
2,12,16575,ideal_statevector,1-P(0000),0,0.9718792760935013,ideal
2,13,6226,ideal_statevector,1-P(0000),0,0.20214625251805174,ideal
2,14,14497,ideal_statevector,1-P(0000),0,0.17600644907135476,ideal
2,15,93111,ideal_statevector,1-P(0000),0,0.561763561024346,ideal
2,16,91307,ideal_statevector,1-P(0000),1,0.4882079575970133,ideal
2,17,76234,ideal_statevector,1-P(0000),1,0.43995117413849405,ideal
2,18,83746,ideal_statevector,1-P(0000),1,0.3541567822336551,ideal
2,19,161320,ideal_statevector,1-P(0000),1,0.9543774747666273,ideal
2,20,125891,ideal_statevector,1-P(0000),1,0.623943349366014,ideal
2,21,174564,ideal_statevector,1-P(0000),1,0.9999653084576066,ideal
2,22,83516,ideal_statevector,1-P(0000),1,0.669498683600066,ideal
2,23,63204,ideal_statevector,1-P(0000),1,0.9094274865086991,ideal
2,24,85579,ideal_statevector,1-P(0000),1,0.6370166722381714,ideal
2,25,121170,ideal_statevector,1-P(0000),1,0.6439946219600312,ideal
2,26,126248,ideal_statevector,1-P(0000),1,0.45719471612269,ideal
2,27,101220,ideal_statevector,1-P(0000),1,0.37840516605142405,ideal
2,28,170027,ideal_statevector,1-P(0000),1,0.9999999999990347,ideal
2,29,155945,ideal_statevector,1-P(0000),1,0.9999999999989743,ideal
2,30,78504,ideal_statevector,1-P(0000),1,0.46650674497547184,ideal
2,31,102721,ideal_statevector,1-P(0000),1,0.46704109043800146,ideal
3,0,20534,ideal_statevector,1-P(0000),0,0.15499373996891652,ideal
3,1,38547,ideal_statevector,1-P(0000),0,0.9999999999293175,ideal
3,2,20514,ideal_statevector,1-P(0000),0,0.11756998621643389,ideal
3,3,15233,ideal_statevector,1-P(0000),0,0.37749613056894127,ideal
3,4,104552,ideal_statevector,1-P(0000),0,0.8095522876724777,ideal
3,5,28902,ideal_statevector,1-P(0000),0,0.3642136464222494,ideal
3,6,102291,ideal_statevector,1-P(0000),0,0.6451603471947402,ideal
3,7,112713,ideal_statevector,1-P(0000),0,0.9011197933744773,ideal
3,8,46048,ideal_statevector,1-P(0000),0,0.9626824893636841,ideal
3,9,111062,ideal_statevector,1-P(0000),0,0.9011204260890018,ideal
3,10,21253,ideal_statevector,1-P(0000),0,0.03622625953823366,ideal
3,11,26898,ideal_statevector,1-P(0000),0,0.04690578507853027,ideal
3,12,16575,ideal_statevector,1-P(0000),0,0.9750995070384368,ideal
3,13,6226,ideal_statevector,1-P(0000),0,0.18020917241081658,ideal
3,14,14497,ideal_statevector,1-P(0000),0,0.15357835162270828,ideal
3,15,93111,ideal_statevector,1-P(0000),0,0.5860171935174666,ideal
3,16,91307,ideal_statevector,1-P(0000),1,0.4987308563155819,ideal
3,17,76234,ideal_statevector,1-P(0000),1,0.4589283641250479,ideal
3,18,83746,ideal_statevector,1-P(0000),1,0.3567046278106839,ideal
3,19,161320,ideal_statevector,1-P(0000),1,0.9595157991469362,ideal
3,20,125891,ideal_statevector,1-P(0000),1,0.6469251790913046,ideal
3,21,174564,ideal_statevector,1-P(0000),1,0.9999986037172536,ideal
3,22,83516,ideal_statevector,1-P(0000),1,0.6895935832360397,ideal
3,23,63204,ideal_statevector,1-P(0000),1,0.9215750957011575,ideal
3,24,85579,ideal_statevector,1-P(0000),1,0.6597630723467511,ideal
3,25,121170,ideal_statevector,1-P(0000),1,0.6613594263529843,ideal
3,26,126248,ideal_statevector,1-P(0000),1,0.46964053632669334,ideal
3,27,101220,ideal_statevector,1-P(0000),1,0.3937240508211306,ideal
3,28,170027,ideal_statevector,1-P(0000),1,0.9999999997580566,ideal
3,29,155945,ideal_statevector,1-P(0000),1,0.9999999997420732,ideal
3,30,78504,ideal_statevector,1-P(0000),1,0.48457927273713497,ideal
3,31,102721,ideal_statevector,1-P(0000),1,0.4496492513703363,ideal
4,0,20534,ideal_statevector,1-P(0000),0,0.1386899896299717,ideal
4,1,38547,ideal_statevector,1-P(0000),0,0.9999999994428531,ideal
4,2,20514,ideal_statevector,1-P(0000),0,0.1064726551902131,ideal
4,3,15233,ideal_statevector,1-P(0000),0,0.376497302025499,ideal
4,4,104552,ideal_statevector,1-P(0000),0,0.8180985000047006,ideal
4,5,28902,ideal_statevector,1-P(0000),0,0.34241818273410607,ideal
4,6,102291,ideal_statevector,1-P(0000),0,0.665353111244551,ideal
4,7,112713,ideal_statevector,1-P(0000),0,0.9043424394563592,ideal
4,8,46048,ideal_statevector,1-P(0000),0,0.9670865904998082,ideal
4,9,111062,ideal_statevector,1-P(0000),0,0.9043431371252879,ideal
4,10,21253,ideal_statevector,1-P(0000),0,0.029701630369450838,ideal
4,11,26898,ideal_statevector,1-P(0000),0,0.04737646275685159,ideal
4,12,16575,ideal_statevector,1-P(0000),0,0.977373824594662,ideal
4,13,6226,ideal_statevector,1-P(0000),0,0.1658962219650929,ideal
4,14,14497,ideal_statevector,1-P(0000),0,0.13950728618301322,ideal
4,15,93111,ideal_statevector,1-P(0000),0,0.6028179820757533,ideal
4,16,91307,ideal_statevector,1-P(0000),1,0.5074926988766423,ideal
4,17,76234,ideal_statevector,1-P(0000),1,0.47326402553643776,ideal
4,18,83746,ideal_statevector,1-P(0000),1,0.3603618609243312,ideal
4,19,161320,ideal_statevector,1-P(0000),1,0.9626896243859752,ideal
4,20,125891,ideal_statevector,1-P(0000),1,0.6631639080776547,ideal
4,21,174564,ideal_statevector,1-P(0000),1,0.9999940762996203,ideal
4,22,83516,ideal_statevector,1-P(0000),1,0.7035763380293479,ideal
4,23,63204,ideal_statevector,1-P(0000),1,0.9294358079013361,ideal
4,24,85579,ideal_statevector,1-P(0000),1,0.6756673301077637,ideal
4,25,121170,ideal_statevector,1-P(0000),1,0.6743834185993247,ideal
4,26,126248,ideal_statevector,1-P(0000),1,0.47979544127763485,ideal
4,27,101220,ideal_statevector,1-P(0000),1,0.40522805296307995,ideal
4,28,170027,ideal_statevector,1-P(0000),1,0.9999999981819551,ideal
4,29,155945,ideal_statevector,1-P(0000),1,0.9999999980691396,ideal
4,30,78504,ideal_statevector,1-P(0000),1,0.4983098161687557,ideal
4,31,102721,ideal_statevector,1-P(0000),1,0.4394686896810921,ideal
5,0,20534,ideal_statevector,1-P(0000),0,0.12923976927599967,ideal
5,1,38547,ideal_statevector,1-P(0000),0,0.9999999989527784,ideal
5,2,20514,ideal_statevector,1-P(0000),0,0.10102855771442354,ideal
5,3,15233,ideal_statevector,1-P(0000),0,0.3762450112841834,ideal
5,4,104552,ideal_statevector,1-P(0000),0,0.8221569522098598,ideal
5,5,28902,ideal_statevector,1-P(0000),0,0.32738449575585915,ideal
5,6,102291,ideal_statevector,1-P(0000),0,0.6779910738143261,ideal
5,7,112713,ideal_statevector,1-P(0000),0,0.9066135712401583,ideal
5,8,46048,ideal_statevector,1-P(0000),0,0.9700086095278615,ideal
5,9,111062,ideal_statevector,1-P(0000),0,0.9066143098026472,ideal
5,10,21253,ideal_statevector,1-P(0000),0,0.025640950936600126,ideal
5,11,26898,ideal_statevector,1-P(0000),0,0.04871982509885564,ideal
5,12,16575,ideal_statevector,1-P(0000),0,0.9782903193818409,ideal
5,13,6226,ideal_statevector,1-P(0000),0,0.15750417557310148,ideal
5,14,14497,ideal_statevector,1-P(0000),0,0.13030554003836659,ideal
5,15,93111,ideal_statevector,1-P(0000),0,0.6126591666282637,ideal
5,16,91307,ideal_statevector,1-P(0000),1,0.5112048485398027,ideal
5,17,76234,ideal_statevector,1-P(0000),1,0.4809486560933448,ideal
5,18,83746,ideal_statevector,1-P(0000),1,0.360944685488111,ideal
5,19,161320,ideal_statevector,1-P(0000),1,0.9646692121876155,ideal
5,20,125891,ideal_statevector,1-P(0000),1,0.6741409497263822,ideal
5,21,174564,ideal_statevector,1-P(0000),1,0.9999799158565655,ideal
5,22,83516,ideal_statevector,1-P(0000),1,0.7114067700102458,ideal
5,23,63204,ideal_statevector,1-P(0000),1,0.934519483889968,ideal
5,24,85579,ideal_statevector,1-P(0000),1,0.6865266181345083,ideal
5,25,121170,ideal_statevector,1-P(0000),1,0.6829682931962846,ideal
5,26,126248,ideal_statevector,1-P(0000),1,0.48445669391414636,ideal
5,27,101220,ideal_statevector,1-P(0000),1,0.4115251411115268,ideal
5,28,170027,ideal_statevector,1-P(0000),1,0.9999999966999845,ideal
5,29,155945,ideal_statevector,1-P(0000),1,0.9999999965050268,ideal
5,30,78504,ideal_statevector,1-P(0000),1,0.5054165974871296,ideal
5,31,102721,ideal_statevector,1-P(0000),1,0.4309942768413225,ideal
